U_max,angle_max,U_min,angle_min,U_avg,angle_avg
0.012,1,0.0015,4,0.006,2
0.013,7,0.0023,10,0.0052,9
0.013,13,0.0036,16,0.0096,14
0.011,19,0.0023,23,0.0076,21
0.0072,26,0.0022,31,0.0052,28
0.004,36,0.0013,38,0.0017,37
0.0018,43,0.0007,47,0.0012,45
0.0006,49,0.00021,55,0.00074,53
0.000225,60,0.00011,65,0.00013,63
